[
  {
    "value": "Washing machine",
    "synonyms": [
      "Washing machine"
    ]
  },
  {
    "value": "coffee maker",
    "synonyms": [
      "coffee maker"
    ]
  },
  {
    "value": "computer",
    "synonyms": [
      "computer"
    ]
  },
  {
    "value": "Air conditioner",
    "synonyms": [
      "Air conditioner"
    ]
  },
  {
    "value": "Vacuum cleaner",
    "synonyms": [
      "Vacuum cleaner"
    ]
  },
  {
    "value": "Water cooker",
    "synonyms": [
      "Water cooker"
    ]
  },
  {
    "value": "water heater",
    "synonyms": [
      "water heater"
    ]
  },
  {
    "value": "Blender",
    "synonyms": [
      "Blender"
    ]
  },
  {
    "value": "Attic fan",
    "synonyms": [
      "Attic fan"
    ]
  },
  {
    "value": "Toaster",
    "synonyms": [
      "Toaster"
    ]
  },
  {
    "value": "Trash compactor",
    "synonyms": [
      "Trash compactor"
    ]
  },
  {
    "value": "Leaf blower",
    "synonyms": [
      "Leaf blower"
    ]
  },
  {
    "value": "Lawn mower",
    "synonyms": [
      "Lawn mower"
    ]
  },
  {
    "value": "Hair dryer",
    "synonyms": [
      "Hair dryer"
    ]
  },
  {
    "value": "Hair iron",
    "synonyms": [
      "Hair iron"
    ]
  }
]