[
  {
    "value": "room",
    "synonyms": [
      "room"
    ]
  },
  {
    "value": "living room",
    "synonyms": [
      "living room"
    ]
  },
  {
    "value": "attic",
    "synonyms": [
      "attic"
    ]
  },
  {
    "value": "loft",
    "synonyms": [
      "loft"
    ]
  },
  {
    "value": "spare room",
    "synonyms": [
      "spare room"
    ]
  },
  {
    "value": "bedroom",
    "synonyms": [
      "bedroom"
    ]
  },
  {
    "value": "bathroom",
    "synonyms": [
      "bathroom"
    ]
  },
  {
    "value": "balcony",
    "synonyms": [
      "balcony"
    ]
  },
  {
    "value": "nursery",
    "synonyms": [
      "nursery"
    ]
  },
  {
    "value": "study",
    "synonyms": [
      "study"
    ]
  },
  {
    "value": "utility room",
    "synonyms": [
      "utility room"
    ]
  },
  {
    "value": "panic room",
    "synonyms": [
      "panic room"
    ]
  },
  {
    "value": "kitchen",
    "synonyms": [
      "kitchen"
    ]
  },
  {
    "value": "dining room",
    "synonyms": [
      "dining room"
    ]
  },
  {
    "value": "garage",
    "synonyms": [
      "garage"
    ]
  },
  {
    "value": "basement",
    "synonyms": [
      "basement"
    ]
  },
  {
    "value": "porch",
    "synonyms": [
      "porch"
    ]
  }
]