[
  {
    "id": "a0628a2e-8495-4d74-ba9e-97343bbd7427",
    "data": [
      {
        "text": "Is ",
        "userDefined": false
      },
      {
        "text": "Wicky",
        "alias": "givenName",
        "meta": "@sys.given-name",
        "userDefined": true
      },
      {
        "text": " home?",
        "userDefined": false
      }
    ],
    "isTemplate": false,
    "count": 0,
    "updated": 0
  },
  {
    "id": "25d1d378-50fd-4b30-8573-5bdda87eb717",
    "data": [
      {
        "text": "Is ",
        "userDefined": false
      },
      {
        "text": "Jerry",
        "alias": "givenName",
        "meta": "@sys.given-name",
        "userDefined": false
      },
      {
        "text": " home?",
        "userDefined": false
      }
    ],
    "isTemplate": false,
    "count": 0,
    "updated": 0
  },
  {
    "id": "cfb39805-961f-4baa-83cc-7e2f39685a1c",
    "data": [
      {
        "text": "Is ",
        "userDefined": false
      },
      {
        "text": "Juan",
        "alias": "givenName",
        "meta": "@sys.given-name",
        "userDefined": false
      },
      {
        "text": " home?",
        "userDefined": false
      }
    ],
    "isTemplate": false,
    "count": 0,
    "updated": 0
  },
  {
    "id": "74b58f7f-6666-4f8c-8cdc-543fc5534a91",
    "data": [
      {
        "text": "Is ",
        "userDefined": false
      },
      {
        "text": "Sam",
        "alias": "givenName",
        "meta": "@sys.given-name",
        "userDefined": false
      },
      {
        "text": " home?",
        "userDefined": false
      }
    ],
    "isTemplate": false,
    "count": 0,
    "updated": 0
  },
  {
    "id": "3d7bea95-70ec-4cc6-88c7-b1e47d4d8640",
    "data": [
      {
        "text": "Is ",
        "userDefined": false
      },
      {
        "text": "Bart",
        "alias": "givenName",
        "meta": "@sys.given-name",
        "userDefined": false
      },
      {
        "text": " home?",
        "userDefined": false
      }
    ],
    "isTemplate": false,
    "count": 0,
    "updated": 0
  },
  {
    "id": "beb38205-442d-45c4-bd9f-abc7b8519248",
    "data": [
      {
        "text": "Is ",
        "userDefined": false
      },
      {
        "text": "Laura",
        "alias": "givenName",
        "meta": "@sys.given-name",
        "userDefined": false
      },
      {
        "text": " home?",
        "userDefined": false
      }
    ],
    "isTemplate": false,
    "count": 0,
    "updated": 0
  },
  {
    "id": "9118b3f6-8870-48e7-bd59-6997011c567c",
    "data": [
      {
        "text": "Is ",
        "userDefined": false
      },
      {
        "text": "Oscar",
        "alias": "givenName",
        "meta": "@sys.given-name",
        "userDefined": false
      },
      {
        "text": " home?",
        "userDefined": false
      }
    ],
    "isTemplate": false,
    "count": 0,
    "updated": 0
  }
]