[
  {
    "id": "5a7bf500-f2fb-46e0-827a-41b1ded02d5c",
    "data": [
      {
        "text": "is there anyone here?",
        "userDefined": false
      }
    ],
    "isTemplate": false,
    "count": 0,
    "updated": 0
  },
  {
    "id": "98799d48-74ea-46cf-93bf-ce04a371de60",
    "data": [
      {
        "text": "is anyhone here?",
        "userDefined": false
      }
    ],
    "isTemplate": false,
    "count": 0,
    "updated": 0
  },
  {
    "id": "54fe128e-6a10-4141-b82a-5b9264f2992c",
    "data": [
      {
        "text": "Anyone home?",
        "userDefined": false
      }
    ],
    "isTemplate": false,
    "count": 0,
    "updated": 0
  },
  {
    "id": "624ed8cc-4d46-4809-8629-67fae15d4810",
    "data": [
      {
        "text": "Anybody home?",
        "userDefined": false
      }
    ],
    "isTemplate": false,
    "count": 0,
    "updated": 0
  },
  {
    "id": "fc502568-e105-4bfb-b0b3-60cdced74336",
    "data": [
      {
        "text": "Is anybody home?",
        "userDefined": false
      }
    ],
    "isTemplate": false,
    "count": 0,
    "updated": 0
  },
  {
    "id": "da982c76-10f2-4387-8d83-b9b37657e550",
    "data": [
      {
        "text": "Is anyone home?",
        "userDefined": false
      }
    ],
    "isTemplate": false,
    "count": 0,
    "updated": 0
  },
  {
    "id": "5012433f-e47d-47af-9728-6513ea5cbc35",
    "data": [
      {
        "text": "Is someone home?",
        "userDefined": false
      }
    ],
    "isTemplate": false,
    "count": 0,
    "updated": 0
  },
  {
    "id": "c402172d-5307-4862-8c12-a28cb5385eab",
    "data": [
      {
        "text": "Someone home?",
        "userDefined": false
      }
    ],
    "isTemplate": false,
    "count": 0,
    "updated": 0
  },
  {
    "id": "5513929b-9e67-4c29-95b7-59d9de34c245",
    "data": [
      {
        "text": "Is somebody home?",
        "userDefined": false
      }
    ],
    "isTemplate": false,
    "count": 0,
    "updated": 0
  }
]