[
  {
    "id": "e408be9d-3763-44b2-92e8-1b2ec68b1398",
    "data": [
      {
        "text": "mensen thuis?",
        "userDefined": false
      }
    ],
    "isTemplate": false,
    "count": 0,
    "updated": 0
  },
  {
    "id": "2a23ffa3-8c80-44c5-973f-57318f1a6118",
    "data": [
      {
        "text": "Zijn er nog mensen thuis?",
        "userDefined": false
      }
    ],
    "isTemplate": false,
    "count": 0,
    "updated": 0
  },
  {
    "id": "dffa05bb-5453-403d-a0a6-f93c10bdd151",
    "data": [
      {
        "text": "Zijn er mensen thuis?",
        "userDefined": false
      }
    ],
    "isTemplate": false,
    "count": 0,
    "updated": 0
  },
  {
    "id": "e1ebb577-b451-48f3-98d3-386714d592e0",
    "data": [
      {
        "text": "Is er nog iemand thuis?",
        "userDefined": false
      }
    ],
    "isTemplate": false,
    "count": 0,
    "updated": 0
  },
  {
    "id": "58a2abe5-672d-4495-8f03-4cdc20e23df3",
    "data": [
      {
        "text": "Is iemand thuis?",
        "userDefined": false
      }
    ],
    "isTemplate": false,
    "count": 0,
    "updated": 0
  },
  {
    "id": "abd9d168-a66b-48ea-bba4-49a3cc8c81fb",
    "data": [
      {
        "text": "Iemand thuis?",
        "userDefined": false
      }
    ],
    "isTemplate": false,
    "count": 0,
    "updated": 0
  },
  {
    "id": "227c4f4b-3658-40fa-b1fd-5c0b50fc7c7b",
    "data": [
      {
        "text": "Is er iemand thuis?",
        "userDefined": false
      }
    ],
    "isTemplate": false,
    "count": 0,
    "updated": 0
  }
]